{
    "components": [
        {
            "cachedName": "LWJGL 3",
            "cachedVersion": "3.3.1",
            "cachedVolatile": true,
            "dependencyOnly": true,
            "uid": "org.lwjgl3",
            "version": "3.3.1"
        },
        {
            "cachedName": "Minecraft",
            "cachedRequires": [
                {
                    "suggests": "3.2.2",
                    "uid": "org.lwjgl3"
                }
            ],
            "cachedVersion": "1.18.2",
            "important": true,
            "uid": "net.minecraft",
            "version": "1.18.2"
        },
        {
            "cachedName": "Intermediary Mappings",
            "cachedRequires": [
                {
                    "equals": "1.18.2",
                    "uid": "net.minecraft"
                }
            ],
            "cachedVersion": "1.18.2",
            "cachedVolatile": true,
            "dependencyOnly": true,
            "uid": "net.fabricmc.intermediary",
            "version": "1.18.2"
        },
        {
            "cachedName": "Quilt Loader",
            "cachedRequires": [
                {
                    "uid": "net.fabricmc.intermediary"
                }
            ],
            "cachedVersion": "0.27.1",
            "uid": "org.quiltmc.quilt-loader",
            "version": "0.27.1"
        },
        {
            "cachedName": "Tinkerer's Quilt Fixes",
            "cachedVersion": "1",
            "uid": "folk.sisby.tinkerersquiltfixes"
        },
        {
            "cachedName": "unsup",
            "cachedVersion": "0.3.0-pre3",
            "uid": "com.unascribed.unsup"
        }
    ],
    "formatVersion": 1
}
